key,title,期間増加PV,期間増加スキ,稼働日数,推移PV,集計日
n5da5600ebf46,「腕組み会見」その腕の内側、本当に守るべきものは何だったのか,170,16,6,60→40→35→14→4→10→7,2026-03-31
n9280ebb769a9,プライバシーポリシー,9,0,5,1→2→1→0→2→2→1,2026-03-31
n67637a30fdfa,「バカ」と「度し難し」の似てるところと違うところ,15,7,4,0→0→11→1→1→2→0,2026-03-31
n411fb6693d0f,自己紹介,14,18,4,4→3→4→2→0→0→1,2026-03-31
n90e431e5bab9,プライバシーポリシー（個人作成・板橋しおり）,8,0,4,0→1→0→0→3→2→2,2026-03-31
n16cc058ac7de,華子さんチェッカー：勝手にコラボ,6,4,3,3→0→0→1→1→0→1,2026-03-31
n0c409465f0cd,サイレントなマイノリティへ　第三回：記録は中立じゃない、だから自分で持つ,5,3,3,1→0→2→0→0→1→1,2026-03-31
n0debcb25f95c,虚数側の２：６：２についてpart3「グラフ」を「折り紙」した,3,1,3,0→1→1→0→0→1→0,2026-03-31
n1116fce89f69,AI問答？：日本語でイラストづくり１（イラストから写真に変換チャレンジ）,3,3,3,0→1→0→0→0→1→1,2026-03-31
